Create Customer,2025-05-26 16:52:23
Read Customers,2025-05-26 16:52:26
Read Customer,2025-05-26 16:52:28
Read Customers,2025-05-26 16:52:32
Read Customers,2025-05-26 16:52:51
Update Customer,2025-05-26 16:52:57
Read Customers,2025-05-26 17:16:42
Update Customer,2025-05-26 17:16:55
Read Customers,2025-05-26 17:17:01
Update Customer,2025-05-26 17:17:25
Read Customers,2025-05-26 17:17:32
Update Customer,2025-05-26 17:17:39
Read Customers,2025-05-26 17:17:42
Read Customer,2025-05-26 17:17:45
Read Customers,2025-05-26 17:17:59
Delete Customer,2025-05-26 17:18:02
Read Customer,2025-05-26 17:18:21
Read Customer,2025-05-26 17:26:49
Read Customer,2025-05-26 17:28:22
Read Customer,2025-05-26 17:29:48
Read Customer,2025-05-26 17:29:57
Read Customer,2025-05-26 17:30:07
Read Customer,2025-05-26 17:30:17
Read Customer,2025-05-26 17:32:04
Read Customer,2025-05-26 17:32:25
Read Customer,2025-05-26 17:32:31
Read Providers,2025-05-26 17:32:42
Read Providers,2025-05-26 17:36:52
Read Providers,2025-05-26 17:39:57
Create Product,2025-05-26 17:40:21
Read Providers,2025-05-26 17:40:27
Create Product,2025-05-26 17:41:18
Read Products,2025-05-26 17:43:15
Read Products,2025-05-26 17:44:22
Read Product,2025-05-26 17:44:25
Read Products,2025-05-26 17:44:53
Read Product,2025-05-26 17:44:55
Read Products,2025-05-26 17:44:59
Read Product,2025-05-26 17:45:01
Update Product,2025-05-26 17:51:39
Update Product,2025-05-26 17:51:57
Update Product,2025-05-26 17:52:11
Update Product,2025-05-26 17:52:20
Update Product,2025-05-26 17:52:28
Update Product,2025-05-26 17:52:38
Update Product,2025-05-26 17:52:50
Read Products,2025-05-26 17:53:00
Read Product,2025-05-26 17:53:03
Update Product,2025-05-26 17:53:29
Update Product,2025-05-26 17:53:42
Update Product,2025-05-26 17:53:54
Update Product,2025-05-26 17:54:10
Update Product,2025-05-26 17:54:18
Update Product,2025-05-26 17:54:27
Update Product,2025-05-26 17:54:43
Read Products,2025-05-26 17:54:49
Read Product,2025-05-26 17:54:52
Read Products,2025-05-26 17:55:23
Delete Product,2025-05-26 17:55:26
Read Products,2025-05-26 17:55:33
Read Products,2025-05-26 17:55:51
Read Products,2025-05-26 17:55:55
Read Product,2025-05-26 17:55:58
Read Products,2025-05-26 17:56:17
Read Product,2025-05-26 17:56:19
Read Products,2025-05-26 17:58:41
Delete Product,2025-05-26 17:58:52
Read Products,2025-05-26 17:58:56
Read Products,2025-05-26 18:11:48
Read Products,2025-05-26 18:12:36
Read Products,2025-05-26 18:12:48
Delete Product,2025-05-26 18:12:48
Read Products,2025-05-26 18:12:57
Read Products,2025-05-26 18:15:37
Read Products,2025-05-26 18:15:41
Delete Product,2025-05-26 18:15:41
Read Products,2025-05-26 18:16:01
Read Products,2025-05-26 18:16:11
Read Product,2025-05-26 18:16:12
Read Products,2025-05-26 18:18:38
Read Products,2025-05-26 18:18:40
Delete Product,2025-05-26 18:18:40
Read Products,2025-05-26 18:18:52
Read Providers,2025-05-26 18:20:03
Create Product,2025-05-26 18:20:13
Read Products,2025-05-26 18:20:17
Read Products,2025-05-26 18:20:35
Read Products,2025-05-26 18:20:38
Delete Product,2025-05-26 18:20:38
Read Products,2025-05-26 18:20:42
Read Product,2025-05-26 18:20:46
Update Product,2025-05-26 18:22:09
Read Product,2025-05-26 18:22:53
Read Products,2025-05-26 18:23:03
Read Products,2025-05-26 18:28:12
Read Products,2025-05-26 18:29:26
Read Products,2025-05-26 18:30:36
Read Products,2025-05-26 18:31:21
Update Product,2025-05-26 18:31:24
Read Products,2025-05-26 18:31:30
Read Product,2025-05-26 18:31:31
Update Product,2025-05-26 18:32:05
Read Products,2025-05-26 18:32:08
Update Product,2025-05-26 18:32:12
Read Products,2025-05-26 18:32:15
Read Product,2025-05-26 18:32:17
Read Product,2025-05-26 18:32:32
Read Product,2025-05-26 18:32:32
Read Product,2025-05-26 18:32:32
Read Product,2025-05-26 18:32:44
Read Product,2025-05-26 18:32:54
Read Products,2025-05-26 18:34:58
Read Products,2025-05-26 18:35:00
Delete Product,2025-05-26 18:35:00
Read Providers,2025-05-26 18:35:08
Create Product,2025-05-26 18:35:51
Read Product,2025-05-28 17:57:49
Create Shipping,2025-05-28 19:02:45
Create Order,2025-05-28 19:02:45
Create Order Details,2025-05-28 19:02:45
Create Shipping,2025-05-28 19:03:07
Create Order,2025-05-28 19:03:07
Create Shipping,2025-05-28 19:08:09
Create Order,2025-05-28 19:08:09
Create Shipping,2025-05-28 19:12:12
Create Order,2025-05-28 19:12:12
Create Shipping,2025-05-28 19:19:26
Create Order,2025-05-28 19:19:26
Create Shipping,2025-05-28 19:30:22
Create Order,2025-05-28 19:30:22
Create Order Details,2025-05-28 19:30:22
Create Shipping,2025-05-28 19:35:56
Create Order,2025-05-28 19:35:56
Create Order Details,2025-05-28 19:35:56
Create Order Details,2025-05-28 19:35:56
Create Order Details,2025-05-28 19:35:56
Read Orders,2025-05-29 08:25:23
Read Orders,2025-05-29 08:25:44
Read Orders,2025-05-29 08:29:57
Read Orders,2025-05-29 08:33:33
Read Orders,2025-05-29 08:36:51
Read Orders,2025-05-29 08:38:18
Read Orders,2025-05-29 08:39:38
Read Order Details,2025-05-29 08:39:40
Read Orders,2025-05-29 08:39:52
Read Order Details,2025-05-29 08:40:05
Update Shipping,2025-05-29 08:41:23
Update Shipping,2025-05-29 08:57:56
Update Shipping,2025-05-29 08:58:23
Update Shipping,2025-05-29 08:58:46
Update Shipping,2025-05-29 08:59:04
Update Shipping,2025-05-29 08:59:21
Update Shipping,2025-05-29 08:59:36
Read Orders,2025-05-29 08:59:52
Read Products,2025-05-29 10:06:15
Create Order Details,2025-05-29 10:06:18
Update Order Details,2025-05-29 10:06:19
Read Products,2025-05-29 10:06:22
Delete Order Details,2025-05-29 10:06:26
Update Order Details,2025-05-29 10:06:27
Read Providers,2025-05-29 10:06:29
Read Products,2025-05-29 10:06:31
Read Providers,2025-05-29 10:13:11
Read Products,2025-05-29 10:13:19
Read Providers,2025-05-29 10:13:40
Read Products,2025-05-29 10:13:41
Read Providers,2025-05-29 10:21:22
Read Products,2025-05-29 10:21:25
Update Order Details,2025-05-29 10:21:30
Read Products,2025-05-29 10:21:36
Delete Order Details,2025-05-29 10:21:38
Update Order Details,2025-05-29 10:21:39
Read Providers,2025-05-29 10:21:41
Read Products,2025-05-29 10:21:44
Update Order Details,2025-05-29 10:21:50
Read Providers,2025-05-29 10:22:49
Delete Order Details,2025-05-29 10:22:52
Read Providers,2025-05-29 10:24:02
Delete Order Details,2025-05-29 10:24:03
Update Order Details,2025-05-29 10:24:06
Read Providers,2025-05-29 10:24:10
Read Products,2025-05-29 10:24:11
Update Order Details,2025-05-29 10:24:14
Update Order Details,2025-05-29 10:24:17
Read Orders,2025-05-29 10:24:22
Read Order Details,2025-05-29 10:24:28
Read Orders,2025-05-29 10:24:52
Read Orders,2025-05-29 10:30:32
Read Orders,2025-05-29 10:33:02
Update Shipping,2025-05-29 10:33:04
Delete Order Details,2025-05-29 10:33:04
Read Product,2025-05-29 10:34:22
Read Orders,2025-05-29 10:36:51
Read Shipping,2025-05-29 10:36:51
Read Order Details,2025-05-29 10:37:22
Create Provider,2025-05-29 10:39:04
Read Provider,2025-05-29 10:39:39
Read Provider,2025-05-29 10:41:58
Read Provider,2025-05-29 10:45:41
Read Provider,2025-05-29 10:46:53
Read Provider,2025-05-29 10:46:53
Read Provider,2025-05-29 10:46:53
Read Provider,2025-05-29 10:46:53
Read Provider,2025-05-29 11:20:00
Read Provider,2025-05-29 11:20:00
Read Provider,2025-05-29 11:20:00
Read Provider,2025-05-29 11:20:00
Create Provider & Products,2025-05-29 11:20:50
Read Provider,2025-05-29 11:20:56
Read Provider,2025-05-29 11:20:56
Read Provider,2025-05-29 11:20:57
Read Provider,2025-05-29 11:20:57
Read Provider,2025-05-29 11:20:57
Read Providers,2025-05-29 11:21:53
Read Provider,2025-05-29 11:21:55
Read Providers,2025-05-29 11:22:15
Read Provider,2025-05-29 11:22:16
Read Providers,2025-05-29 11:22:19
Read Provider,2025-05-29 11:22:19
Read Providers,2025-05-29 11:22:21
Read Provider,2025-05-29 11:22:22
Read Providers,2025-05-29 11:22:27
Read Provider,2025-05-29 11:22:28
Read Providers,2025-05-29 11:22:35
Read Provider,2025-05-29 11:22:35
Read Providers,2025-05-29 11:22:40
Read Provider,2025-05-29 11:22:42
Read Providers,2025-05-29 11:22:47
Delete Provider,2025-05-29 11:22:57
Read Provider,2025-05-29 11:23:00
Read Provider,2025-05-29 11:23:00
Read Provider,2025-05-29 11:23:00
Read Provider,2025-05-29 11:23:00
Read Providers,2025-05-29 11:23:09
Read Provider,2025-05-29 11:23:12
Read Providers,2025-05-29 11:23:16
Read Provider,2025-05-29 11:23:17
Read Providers,2025-05-29 11:23:29
Delete Provider,2025-05-29 11:23:31
Read Providers,2025-05-29 11:26:21
Read Providers,2025-05-29 14:15:55
Create Provider & Products,2025-05-29 14:19:43
Read Providers,2025-05-29 14:20:01
Read Providers,2025-05-29 14:21:54
Delete Provider,2025-05-29 14:21:57
Read Provider,2025-05-29 14:22:05
Read Provider,2025-05-29 14:22:05
Read Provider,2025-05-29 14:22:05
Read Provider,2025-05-29 15:04:21
Read Provider,2025-05-29 15:04:21
Read Provider,2025-05-29 15:04:21
Read Providers,2025-05-29 15:04:25
Create Provider & Products,2025-05-29 21:17:18
Read Provider,2025-05-29 21:17:22
Read Provider,2025-05-29 21:17:22
Read Provider,2025-05-29 21:17:22
Read Provider,2025-05-29 21:17:22
Read Providers,2025-05-29 21:17:29
Read Providers,2025-05-29 21:18:59
Read Provider,2025-05-29 21:19:04
Read Providers,2025-05-29 21:26:37
Read Providers,2025-05-29 21:27:22
Delete Provider,2025-05-29 21:27:24
Read Provider,2025-05-29 21:27:27
Read Provider,2025-05-29 21:27:28
Read Provider,2025-05-29 21:27:28
Read Provider,2025-05-29 21:37:22
Read Provider,2025-05-29 21:44:06
Read Providers,2025-05-29 21:44:20
Read Providers,2025-05-29 21:45:19
Update Provider,2025-05-29 21:45:27
Read Providers,2025-05-29 21:45:31
Update Provider,2025-05-29 21:45:41
Read Providers,2025-05-29 21:45:47
Update Provider,2025-05-29 21:45:54
Read Providers,2025-05-29 21:45:58
Update Provider,2025-05-29 21:46:11
Read Providers,2025-05-29 21:46:14
Create Product,2025-05-29 21:46:41
Read Providers,2025-05-29 21:51:01
Create Product,2025-05-29 21:51:49
Read Providers,2025-05-29 21:51:54
Read Provider,2025-05-29 21:51:59
Read Providers,2025-05-29 21:52:30
Delete Product,2025-05-29 21:52:47
Read Providers,2025-05-29 21:52:51
Read Provider,2025-05-29 21:52:54
Read Providers,2025-05-29 21:53:01
Delete Product,2025-05-29 21:53:09
Read Providers,2025-05-29 21:53:13
Read Providers,2025-05-29 21:53:18
Read Provider,2025-05-29 21:53:20
Read Providers,2025-06-04 18:45:42
Read Providers,2025-06-04 18:45:53
Read Providers,2025-06-04 18:46:34
Create Product,2025-06-04 18:47:03
Read Provider,2025-06-04 18:47:07
Read Provider,2025-06-04 18:47:07
Read Provider,2025-06-04 18:47:07
Create Shipping,2025-06-04 18:48:26
Create Order,2025-06-04 18:48:26
Create Order Details,2025-06-04 18:48:26
Create Order Details,2025-06-04 18:48:26
Read Orders,2025-06-04 18:48:32
Read Shipping,2025-06-04 18:48:32
Read Order Details,2025-06-04 18:48:35
Read Products,2025-06-04 18:49:01
Read Customer,2025-06-04 18:49:20
Read Customer,2025-06-04 18:49:24
Read Provider,2025-06-04 18:49:34
Update Shipping,2025-06-04 18:49:59
Read Orders,2025-06-04 18:50:05
Read Shipping,2025-06-04 18:50:05
Read Order Details,2025-06-04 18:50:08
Read Customers,2025-06-04 18:50:39
Read Customer,2025-06-04 18:50:55
Update Product,2025-06-04 18:53:13
Read Product,2025-06-04 18:53:18
Read Products,2025-06-04 18:53:28
Read Product,2025-06-04 18:53:31
Read Providers,2025-06-05 10:15:32
Create Product,2025-06-05 10:16:08
Read Products,2025-06-05 10:16:18
Read Product,2025-06-05 10:16:21
Read Products,2025-06-05 10:16:33
Read Products,2025-06-05 10:16:35
Delete Product,2025-06-05 10:16:35
Read Products,2025-06-05 10:16:42
